Club;Evento;Area manager;Link gioco (telefono);Link schermo TV;Codice TV
Abbiategrasso;Sempre attiva (non nel calendario);;https://fitup-ruota.vercel.app/gioca/abbiategrasso;https://fitup-ruota.vercel.app/tv/903921;903 921
Albavilla;Open Day – lunedì 19 ottobre;Martina Bracchi;https://fitup-ruota.vercel.app/gioca/albavilla;https://fitup-ruota.vercel.app/tv/201564;201 564
Arezzo;Open Day – lunedì 26 ottobre;Alessio Fondoni;https://fitup-ruota.vercel.app/gioca/arezzo;https://fitup-ruota.vercel.app/tv/897835;897 835
Atripalda;Open Day – lunedì 19 ottobre;Edoardo Palladino;https://fitup-ruota.vercel.app/gioca/atripalda;https://fitup-ruota.vercel.app/tv/686731;686 731
Avola;Open Day – lunedì 19 ottobre;Gabriele Brunetti;https://fitup-ruota.vercel.app/gioca/avola;https://fitup-ruota.vercel.app/tv/193167;193 167
Belgioioso;Open Day – lunedì 19 ottobre;Gabriele Brunetti;https://fitup-ruota.vercel.app/gioca/belgioioso;https://fitup-ruota.vercel.app/tv/591924;591 924
Bernareggio;Open Day – lunedì 26 ottobre;Paolo Conti;https://fitup-ruota.vercel.app/gioca/bernareggio;https://fitup-ruota.vercel.app/tv/550508;550 508
Besana Brianza;Open Day – lunedì 26 ottobre;Federica Stucchi;https://fitup-ruota.vercel.app/gioca/besana-brianza;https://fitup-ruota.vercel.app/tv/944081;944 081
Biella;Compleanno – sabato 24 ottobre;Federica Stucchi;https://fitup-ruota.vercel.app/gioca/biella;https://fitup-ruota.vercel.app/tv/774414;774 414
Borgo Virgilio;Open Day – lunedì 19 ottobre;Gabriele Brunetti;https://fitup-ruota.vercel.app/gioca/borgo-virgilio;https://fitup-ruota.vercel.app/tv/815164;815 164
Borgosesia;Open Day – lunedì 19 ottobre;Martina Bracchi;https://fitup-ruota.vercel.app/gioca/borgosesia;https://fitup-ruota.vercel.app/tv/135261;135 261
Bra;Compleanno – lunedì 26 ottobre;Edoardo Palladino;https://fitup-ruota.vercel.app/gioca/bra;https://fitup-ruota.vercel.app/tv/875464;875 464
Brembate;Open Day – lunedì 19 ottobre;Andrea Frantini;https://fitup-ruota.vercel.app/gioca/brembate;https://fitup-ruota.vercel.app/tv/246551;246 551
Brescia Est;Open Day – lunedì 19 ottobre;Alessandro Boselli;https://fitup-ruota.vercel.app/gioca/brescia-est;https://fitup-ruota.vercel.app/tv/291745;291 745
Broni;Compleanno – lunedì 19 ottobre;Gabriele Brunetti;https://fitup-ruota.vercel.app/gioca/broni;https://fitup-ruota.vercel.app/tv/729632;729 632
Busto Arsizio;Compleanno – lunedì 19 ottobre;Andrea Brenda Puleri;https://fitup-ruota.vercel.app/gioca/busto-arsizio;https://fitup-ruota.vercel.app/tv/623058;623 058
Cagliari Elmas;Open Day – lunedì 19 ottobre;Alessandro Genova;https://fitup-ruota.vercel.app/gioca/cagliari-elmas;https://fitup-ruota.vercel.app/tv/296554;296 554
Cagliari Newton;Compleanno – lunedì 19 ottobre;Alessandro Genova;https://fitup-ruota.vercel.app/gioca/cagliari-newton;https://fitup-ruota.vercel.app/tv/778280;778 280
Cambiago;Open Day – sabato 24 ottobre;Federica Stucchi;https://fitup-ruota.vercel.app/gioca/cambiago;https://fitup-ruota.vercel.app/tv/846275;846 275
Carbonia;Open Day – lunedì 19 ottobre;Alessandro Genova;https://fitup-ruota.vercel.app/gioca/carbonia;https://fitup-ruota.vercel.app/tv/521931;521 931
Caresanablot;Sempre attiva (non nel calendario);;https://fitup-ruota.vercel.app/gioca/caresanablot;https://fitup-ruota.vercel.app/tv/694584;694 584
Carini;Open Day – lunedì 19 ottobre;Gabriele Brunetti;https://fitup-ruota.vercel.app/gioca/carini;https://fitup-ruota.vercel.app/tv/295989;295 989
Carpenedolo;Open Day – lunedì 19 ottobre;Alessandro Boselli;https://fitup-ruota.vercel.app/gioca/carpenedolo;https://fitup-ruota.vercel.app/tv/229466;229 466
Casale Monferrato;Compleanno – lunedì 19 ottobre;Alessandro Genova;https://fitup-ruota.vercel.app/gioca/casale-monferrato;https://fitup-ruota.vercel.app/tv/784017;784 017
Cassano d'Adda;Open Day – sabato 17 ottobre;Federica Stucchi;https://fitup-ruota.vercel.app/gioca/cassano-d-adda;https://fitup-ruota.vercel.app/tv/899621;899 621
Castel Mella;Open Day – lunedì 19 ottobre;Alessandro Boselli;https://fitup-ruota.vercel.app/gioca/castel-mella;https://fitup-ruota.vercel.app/tv/615951;615 951
Castelfranco Veneto;Open Day – lunedì 19 ottobre;Camillo Cipolla;https://fitup-ruota.vercel.app/gioca/castelfranco-veneto;https://fitup-ruota.vercel.app/tv/556541;556 541
Castenedolo;Open Day – lunedì 19 ottobre;Alessandro Boselli;https://fitup-ruota.vercel.app/gioca/castenedolo;https://fitup-ruota.vercel.app/tv/652317;652 317
Cecina;Open Day – lunedì 19 ottobre;Alessio Fondoni;https://fitup-ruota.vercel.app/gioca/cecina;https://fitup-ruota.vercel.app/tv/116193;116 193
Cellatica;Open Day – lunedì 19 ottobre;Alessandro Boselli;https://fitup-ruota.vercel.app/gioca/cellatica;https://fitup-ruota.vercel.app/tv/213519;213 519
Cervignano del Friuli;Compleanno – lunedì 19 ottobre;Luca Ventriglia;https://fitup-ruota.vercel.app/gioca/cervignano-del-friuli;https://fitup-ruota.vercel.app/tv/671491;671 491
Chiari;Open Day – lunedì 19 ottobre;Alessandro Boselli;https://fitup-ruota.vercel.app/gioca/chiari;https://fitup-ruota.vercel.app/tv/369232;369 232
Chieti;Open Day – lunedì 19 ottobre;Alessandro Genova;https://fitup-ruota.vercel.app/gioca/chieti;https://fitup-ruota.vercel.app/tv/884339;884 339
Cinisello Balsamo;Open Day – sabato 17 ottobre;Federica Stucchi;https://fitup-ruota.vercel.app/gioca/cinisello-balsamo;https://fitup-ruota.vercel.app/tv/384085;384 085
Città di Castello;Open Day – lunedì 26 ottobre;Alessio Fondoni;https://fitup-ruota.vercel.app/gioca/citta-di-castello;https://fitup-ruota.vercel.app/tv/479124;479 124
Codroipo;Compleanno – lunedì 19 ottobre;Luca Ventriglia;https://fitup-ruota.vercel.app/gioca/codroipo;https://fitup-ruota.vercel.app/tv/410935;410 935
Collesalvetti;Compleanno – lunedì 19 ottobre;Alessio Fondoni;https://fitup-ruota.vercel.app/gioca/collesalvetti;https://fitup-ruota.vercel.app/tv/334495;334 495
Corciano;Open Day – lunedì 19 ottobre;Alessandro Genova;https://fitup-ruota.vercel.app/gioca/corciano;https://fitup-ruota.vercel.app/tv/412277;412 277
Cremona;Open Day – lunedì 19 ottobre;Alessandro Boselli;https://fitup-ruota.vercel.app/gioca/cremona;https://fitup-ruota.vercel.app/tv/682199;682 199
Desenzano del Garda;Open Day – lunedì 19 ottobre;Alessandro Boselli;https://fitup-ruota.vercel.app/gioca/desenzano-del-garda;https://fitup-ruota.vercel.app/tv/776057;776 057
Ferrara Fellini;Compleanno – lunedì 19 ottobre;Alessandro Genova;https://fitup-ruota.vercel.app/gioca/ferrara-fellini;https://fitup-ruota.vercel.app/tv/531386;531 386
Ferrara Respighi;Open Day – lunedì 19 ottobre;Alessandro Genova;https://fitup-ruota.vercel.app/gioca/ferrara-respighi;https://fitup-ruota.vercel.app/tv/846823;846 823
Finale Ligure;Open Day – lunedì 19 ottobre;Andrea Frantini;https://fitup-ruota.vercel.app/gioca/finale-ligure;https://fitup-ruota.vercel.app/tv/257279;257 279
Follonica;Open Day – lunedì 19 ottobre;Alessio Fondoni;https://fitup-ruota.vercel.app/gioca/follonica;https://fitup-ruota.vercel.app/tv/615242;615 242
Giussano;Compleanno – lunedì 19 ottobre;Andrea Brenda Puleri;https://fitup-ruota.vercel.app/gioca/giussano;https://fitup-ruota.vercel.app/tv/847944;847 944
Guardamiglio;Compleanno – lunedì 19 ottobre;Gabriele Brunetti;https://fitup-ruota.vercel.app/gioca/guardamiglio;https://fitup-ruota.vercel.app/tv/839237;839 237
Lecco;Open Day – lunedì 19 ottobre;Paolo Conti;https://fitup-ruota.vercel.app/gioca/lecco;https://fitup-ruota.vercel.app/tv/222490;222 490
Lissone;Open Day – lunedì 19 ottobre;Paolo Conti;https://fitup-ruota.vercel.app/gioca/lissone;https://fitup-ruota.vercel.app/tv/365014;365 014
Marcon;Open Day – lunedì 19 ottobre;Camillo Cipolla;https://fitup-ruota.vercel.app/gioca/marcon;https://fitup-ruota.vercel.app/tv/754459;754 459
Melegnano;Open Day – lunedì 19 ottobre;Paolo Conti;https://fitup-ruota.vercel.app/gioca/melegnano;https://fitup-ruota.vercel.app/tv/349864;349 864
Moncalieri;Open Day – lunedì 19 ottobre;Edoardo Palladino;https://fitup-ruota.vercel.app/gioca/moncalieri;https://fitup-ruota.vercel.app/tv/155617;155 617
Montano Lucino;Open Day – lunedì 19 ottobre;Martina Bracchi;https://fitup-ruota.vercel.app/gioca/montano-lucino;https://fitup-ruota.vercel.app/tv/205305;205 305
Montebelluna;Compleanno – lunedì 19 ottobre;Ruggero Ferri;https://fitup-ruota.vercel.app/gioca/montebelluna;https://fitup-ruota.vercel.app/tv/966466;966 466
Montecchio Maggiore;Open Day – lunedì 26 ottobre;Gaia Visentin;https://fitup-ruota.vercel.app/gioca/montecchio-maggiore;https://fitup-ruota.vercel.app/tv/635334;635 334
Montelabbate;Open Day – lunedì 19 ottobre;Edoardo Palladino;https://fitup-ruota.vercel.app/gioca/montelabbate;https://fitup-ruota.vercel.app/tv/939328;939 328
Mortara;Open Day – lunedì 19 ottobre;Alessandro Genova;https://fitup-ruota.vercel.app/gioca/mortara;https://fitup-ruota.vercel.app/tv/586387;586 387
Nova Milanese;Compleanno – lunedì 19 ottobre;Andrea Brenda Puleri;https://fitup-ruota.vercel.app/gioca/nova-milanese;https://fitup-ruota.vercel.app/tv/490947;490 947
Novara;Open Day – lunedì 19 ottobre;Martina Bracchi;https://fitup-ruota.vercel.app/gioca/novara;https://fitup-ruota.vercel.app/tv/653552;653 552
Occhiobello;Compleanno – lunedì 26 ottobre;Alessandro Genova;https://fitup-ruota.vercel.app/gioca/occhiobello;https://fitup-ruota.vercel.app/tv/547418;547 418
Osimo;Compleanno – lunedì 19 ottobre;Alessandro Genova;https://fitup-ruota.vercel.app/gioca/osimo;https://fitup-ruota.vercel.app/tv/739896;739 896
Osnago;Open Day – lunedì 19 ottobre;Paolo Conti;https://fitup-ruota.vercel.app/gioca/osnago;https://fitup-ruota.vercel.app/tv/418082;418 082
Paese;Open Day – lunedì 19 ottobre;Camillo Cipolla;https://fitup-ruota.vercel.app/gioca/paese;https://fitup-ruota.vercel.app/tv/716758;716 758
Palermo;Open Day – lunedì 19 ottobre;Gabriele Brunetti;https://fitup-ruota.vercel.app/gioca/palermo;https://fitup-ruota.vercel.app/tv/735692;735 692
Pescara;Open Day – lunedì 19 ottobre;Alessandro Genova;https://fitup-ruota.vercel.app/gioca/pescara;https://fitup-ruota.vercel.app/tv/468362;468 362
Piombino Dese;Open Day – lunedì 26 ottobre;Ruggero Ferri;https://fitup-ruota.vercel.app/gioca/piombino-dese;https://fitup-ruota.vercel.app/tv/811559;811 559
Ponsacco;Compleanno – lunedì 19 ottobre;Alessio Fondoni;https://fitup-ruota.vercel.app/gioca/ponsacco;https://fitup-ruota.vercel.app/tv/900497;900 497
Porto Mantovano;Compleanno – lunedì 19 ottobre;Gabriele Brunetti;https://fitup-ruota.vercel.app/gioca/porto-mantovano;https://fitup-ruota.vercel.app/tv/161953;161 953
Rimini;Open Day – lunedì 19 ottobre;Edoardo Palladino;https://fitup-ruota.vercel.app/gioca/rimini;https://fitup-ruota.vercel.app/tv/635720;635 720
Rosà;Compleanno – lunedì 19 ottobre;Ruggero Ferri;https://fitup-ruota.vercel.app/gioca/rosa;https://fitup-ruota.vercel.app/tv/935238;935 238
Rovigo;Open Day – lunedì 26 ottobre;Ruggero Ferri;https://fitup-ruota.vercel.app/gioca/rovigo;https://fitup-ruota.vercel.app/tv/818888;818 888
Rozzano;Open Day – sabato 17 ottobre;Federica Stucchi;https://fitup-ruota.vercel.app/gioca/rozzano;https://fitup-ruota.vercel.app/tv/166270;166 270
Sacile;Open Day – lunedì 19 ottobre;Gaia Visentin;https://fitup-ruota.vercel.app/gioca/sacile;https://fitup-ruota.vercel.app/tv/827069;827 069
San Donà di Piave;Open Day – lunedì 19 ottobre;Camillo Cipolla;https://fitup-ruota.vercel.app/gioca/san-dona-di-piave;https://fitup-ruota.vercel.app/tv/760942;760 942
Seregno;Compleanno – lunedì 19 ottobre;Andrea Brenda Puleri;https://fitup-ruota.vercel.app/gioca/seregno;https://fitup-ruota.vercel.app/tv/440140;440 140
Spilimbergo;Compleanno – lunedì 19 ottobre;Luca Ventriglia;https://fitup-ruota.vercel.app/gioca/spilimbergo;https://fitup-ruota.vercel.app/tv/574119;574 119
Spresiano;Open Day – lunedì 19 ottobre;Camillo Cipolla;https://fitup-ruota.vercel.app/gioca/spresiano;https://fitup-ruota.vercel.app/tv/796165;796 165
Suisio;Open Day – lunedì 26 ottobre;Andrea Frantini;https://fitup-ruota.vercel.app/gioca/suisio;https://fitup-ruota.vercel.app/tv/738404;738 404
Susegana;Compleanno – lunedì 19 ottobre;Gaia Visentin;https://fitup-ruota.vercel.app/gioca/susegana;https://fitup-ruota.vercel.app/tv/419520;419 520
Tavagnacco;Compleanno – lunedì 19 ottobre;Luca Ventriglia;https://fitup-ruota.vercel.app/gioca/tavagnacco;https://fitup-ruota.vercel.app/tv/839753;839 753
Torino Mirafiori;Open Day – lunedì 19 ottobre;Edoardo Palladino;https://fitup-ruota.vercel.app/gioca/torino-mirafiori;https://fitup-ruota.vercel.app/tv/422131;422 131
Tortoreto;Compleanno – lunedì 19 ottobre;Alessandro Genova;https://fitup-ruota.vercel.app/gioca/tortoreto;https://fitup-ruota.vercel.app/tv/539973;539 973
Trento;Open Day – lunedì 26 ottobre;Camillo Cipolla;https://fitup-ruota.vercel.app/gioca/trento;https://fitup-ruota.vercel.app/tv/721686;721 686
Vergiate;Open Day – lunedì 19 ottobre;Martina Bracchi;https://fitup-ruota.vercel.app/gioca/vergiate;https://fitup-ruota.vercel.app/tv/677815;677 815
Vicenza;Open Day – lunedì 26 ottobre;Gaia Visentin;https://fitup-ruota.vercel.app/gioca/vicenza;https://fitup-ruota.vercel.app/tv/404683;404 683
Vigevano;Compleanno – lunedì 19 ottobre;Alessandro Genova;https://fitup-ruota.vercel.app/gioca/vigevano;https://fitup-ruota.vercel.app/tv/141677;141 677
Zero Branco;Open Day – lunedì 19 ottobre;Camillo Cipolla;https://fitup-ruota.vercel.app/gioca/zero-branco;https://fitup-ruota.vercel.app/tv/861734;861 734
